12301,Rajdhani Express,Superfast
12002,Shatabdi Express,Shatabdi
12259,Duronto Express,Superfast
12075,Jan Shatabdi,Janshatabdi
12203,Garib Rath,Superfast
12649,Sampark Kranti,Superfast
22435,Vande Bharat,Vande Bharat
82501,Tejas Express,Tejas
12957,Humsafar Express,Humsafar
12010,Intercity Express,Express
12931,Double Decker,Superfast
12821,Antyodaya Express,Antyodaya
12233,Yuva Express,Superfast
12380,Kavi Guru Express,Express
22121,Mahamana Express,Superfast
12050,Gatimaan Express,Gatimaan
12953,AC Express,Superfast
12701,Janmabhoomi Express,Express
12657,Mysore Express,Express
12679,Chennai Express,Superfast
